t_days, log_F5, log_F9, nu
0.000115700000000,-6.778335700687212,-9.198501881743056,1000000.000000000000000
0.000115700000000,-6.366548830098368,-8.786734092844929,1606547.231052205432206
0.000115700000000,-5.954761993867432,-8.374979907494732,2580994.005601502954960
0.000115700000000,-5.542975201953414,-7.963249719069140,4146488.773061426356435
0.000115700000000,-5.131188468618283,-7.551562093716650,6661530.056950891390443
0.000115700000000,-4.719401817817749,-7.139950260638208,10702062.667565494775772
0.000115700000000,-4.307615301255966,-6.728473762795797,17193369.145124491304159
0.000115700000000,-3.895829062266633,-6.317239341161392,27621959.592558115720749
0.000115700000000,-3.484043566574680,-5.906438255982200,44375982.699660144746304
0.000115700000000,-3.072260442108003,-5.496412585898369,71292112.131359577178955
0.000115700000000,-2.660485543191372,-5.087771691006932,114534145.340499073266983
0.000115700000000,-2.248740138952547,-4.681592553966312,184004514.057708889245987
0.000115700000000,-1.837101751443802,-4.279751086287466,295611942.560518860816956
0.000115700000000,-1.425852865680104,-3.885429779227552,474914547.786565124988556
0.000115700000000,-1.016017613973683,-3.503781329947333,762972651.732913374900818
0.000115700000000,-0.611236042341584,-3.142499703346712,1225751601.010070562362671
0.000115700000000,-0.223570978104183,-2.811602913523692,1969227840.560536623001099
0.000115700000000,0.115074728345396,-2.521444415328494,3163657534.563444137573242
0.000115700000000,0.359431116019902,-2.278926065283231,5082565252.150347709655762
0.000115700000000,0.506980985563689,-2.084195321751299,8165381132.484262466430664
0.000115700000000,0.602041452439262,-1.930697798092920,13118070448.878513336181641
0.000115700000000,0.678378343165474,-1.808419323950115,21074799756.393535614013672
0.000115700000000,0.749142602868248,-1.707494935847006,33857661193.613590240478516
0.000115700000000,0.818340778790976,-1.620175153602085,54393931840.503623962402344
0.000115700000000,0.887102103091054,-1.541153191772546,87386420584.403488159179688
0.000115700000000,0.955736730966449,-1.467095526094839,140390412021.436859130859375
0.000115700000000,1.024327823680650,-1.396024609660126,225543827699.317657470703125
0.000115700000000,1.092895701707707,-1.326820040485178,362346811871.252990722656250
0.000115700000000,1.161442783290369,-1.258881948330572,582127267292.355957031250000
0.000115700000000,1.229965695205598,-1.191923745270507,935214949388.521484375000000
0.000115700000000,1.298458327052450,-1.125851576060267,1502466987378.751464843750000
0.000115700000000,1.366912325546257,-1.060697557917397,2413784178320.682128906250000
0.000115700000000,1.435316780568137,-0.996585255149951,3877858288038.714355468750000
0.000115700000000,1.503657545554735,-0.933714249090873,6229962495061.442382812500000
0.000115700000000,1.571916262513368,-0.872356011213833,10008728996000.048828125000000
0.000115700000000,1.640069040269406,-0.812856397285078,16079495854875.732421875000000
0.000115700000000,1.708084673039532,-0.755641724559900,25832469542366.023437500000000
0.000115700000000,1.775922229142590,-0.701226106138999,41501082414528.570312500000000
0.000115700000000,1.843527765751469,-0.650217843360739,66673449038729.976562500000000
0.000115700000000,1.910829821322933,-0.603322471323920,107114044937871.968750000000000
0.000115700000000,1.977733187542217,-0.561339761136688,172083772301739.718750000000000
0.000115700000000,2.044110247363468,-0.525151913424848,276460707900378.125000000000000
0.000115700000000,2.109788858996207,-0.495700725041768,444147184772085.062500000000000
0.000115700000000,2.174535336617409,-0.473953098490369,713543429875222.625000000000000
0.000115700000000,2.238030499426905,-0.460857171464697,1146341221501532.250000000000000
0.000115700000000,2.299836031679649,-0.457295432462719,1841651315244289.750000000000000
0.000115700000000,2.359347609968433,-0.464045636551940,2958699821069353.500000000000000
0.000115700000000,2.415730741380115,-0.481763599889814,4753291005053626.000000000000000
0.000115700000000,2.467835882639051,-0.511002073651402,7636386502554257.000000000000000
0.000115700000000,2.514093070778211,-0.552274957427983,12268215590922926.000000000000000
0.000115700000000,2.552396441146230,-0.606164337376431,19709467787548804.000000000000000
0.000115700000000,2.580010238905371,-0.673447360074780,31664190899599040.000000000000000
0.000115700000000,2.593561958501238,-0.755190182333764,50870018213259488.000000000000000
0.000115700000000,2.589222462928943,-0.852725119463618,81725086904086960.000000000000000
0.000115700000000,2.563165344512028,-0.967424629852447,131295212073261216.000000000000000
0.000115700000000,2.512288325810453,-1.100261843668909,210931959406709024.000000000000000
0.000115700000000,2.434971636999268,-1.251310643348478,338872155325265984.000000000000000
0.000115700000000,2.331503349568304,-1.419466630815420,544414122818501120.000000000000000
0.000115700000000,2.203928912036105,-1.602582778459277,874627001559774720.000000000000000
0.000115700000000,2.055430539431797,-1.797938692052919,1405129587559343360.000000000000000
0.000115700000000,1.889585574419917,-2.002771381083111,2257407048162981120.000000000000000
0.000115700000000,1.709802551595191,-2.214645398989047,3626631042583984640.000000000000000
0.000115700000000,1.519028878564190,-2.431607724596736,5826354059511249920.000000000000000
0.000115700000000,1.319672577462570,-2.652186685615693,9360312981437612032.000000000000000
0.000115700000000,1.113640843408769,-2.875316118146946,15037784902110550016.000000000000000
0.000115700000000,0.902421674581776,-3.100241398255948,24158911695644262400.000000000000000
0.000115700000000,0.687169286833769,-3.326434828018769,38812432689872191488.000000000000000
0.000115700000000,0.468777993083505,-3.553529013859723,62354006268314017792.000000000000000
0.000115700000000,0.247941333607970,-3.781267945626931,100174656115372146688.000000000000000
0.000115700000000,0.025197922501880,-4.009472432358865,160935316403757350912.000000000000000
0.000115700000000,-0.199033366612228,-4.238016191140717,258550186946965897216.000000000000000
0.000115700000000,-0.424426410873619,-4.466809478182744,415373086927676375040.000000000000000
0.000115700000000,-0.650727073480831,-4.695787924446670,667316482657268269056.000000000000000
0.000115700000000,-0.877737171843913,-4.924904914644353,1072075447448535826432.000000000000000
0.000115700000000,-1.105302063711993,-5.154126364295449,1722339841577492414464.000000000000000
0.000115700000000,-1.333301014837795,-5.383427117996538,2767020303417202966528.000000000000000
0.000115700000000,-1.561639714642648,-5.612788446233567,4445348806720122519552.000000000000000
0.000115700000000,-1.790244455577264,-5.842196290093100,7141662816497468178432.000000000000000
0.000115700000000,-2.019057603389570,-6.071640018479840,11473418622952454225920.000000000000000
0.000115700000000,-2.248034070084342,-6.301111539314962,18432588919407149842432.000000000000000
0.000115700000000,-2.477138566195874,-6.530604657411537,29612824689596998615040.000000000000000
0.000115700000000,-2.706343459034206,-6.760114605914916,47574401508706244100096.000000000000000
0.000115700000000,-2.935627102320695,-6.989637701102481,76430523012778198827008.000000000000000
0.000115700000000,-3.164972532690759,-7.219171085763705,122789245114050181857280.000000000000000
0.000115700000000,-3.394366451870229,-7.448712536837955,197266721740968662401024.000000000000000
0.000115700000000,-3.623798431434408,-7.678260320128813,316918305591697803837440.000000000000000
0.000115700000000,-3.853260291105172,-7.907813079833154,509144226318096692936704.000000000000000
0.000115700000000,-4.082745612439391,-8.137369754043066,817964246997559037394944.000000000000000
0.000115700000000,-4.312249358219534,-8.366929509780086,1314098196113625280675840.000000000000000
0.000115700000000,-4.541767574423065,-8.596491692824598,2111160818297034130849792.000000000000000
0.000115700000000,-4.771297156747226,-8.826055788823881,3391679566941022192664576.000000000000000
0.000115700000000,-5.000835667630366,-9.055621393046513,5448893416885419732107264.000000000000000
0.000115700000000,-5.230381192794984,-9.285188186797386,8753904631195825359290368.000000000000000
0.000115700000000,-5.459932228738897,-9.514755918984935,14063561246142789404590080.000000000000000
0.000115700000000,-5.689487594472220,-9.744324391687975,22593775378723708105392128.000000000000000
0.000115700000000,-5.919046362257394,-9.973893448836714,36297967273704216024055808.000000000000000
0.000115700000000,-6.148607803248608,-10.203462967324452,58314398816392839176388608.000000000000000
0.000115700000000,-6.378171344817166,-10.433032850020659,93684835948949533605494784.000000000000000
0.000115700000000,-6.607736537044915,-10.662603020273817,150509113785365621406433280.000000000000000
0.000115700000000,-6.837303026412286,-10.892173417583260,241799999999999466266427392.000000000000000
t_days, log_F5, log_F9, nu
0.056400000000000,-5.434364700338349,-7.855113464927552,1000000.000000000000000
0.056400000000000,-5.022578370057558,-7.443824824037512,1606547.231052205432206
0.056400000000000,-4.610792237445346,-7.032941448836041,2580994.005601502954960
0.056400000000000,-4.199006365522417,-6.622791279724654,4146488.773061426356435
0.056400000000000,-3.787220840624898,-6.213962004068416,6661530.056950891390443
0.056400000000000,-3.375435785396870,-5.807493755885122,10702062.667565494775772
0.056400000000000,-2.963651387805102,-5.405186574842121,17193369.145124491304159
0.056400000000000,-2.551867980937513,-5.010033368255115,27621959.592558115720749
0.056400000000000,-2.140086297037647,-4.626672570429380,44375982.699660144746304
0.056400000000000,-1.728308341552694,-4.261470883109909,71292112.131359577178955
0.056400000000000,-1.316540507970264,-3.921519051848221,114534145.340499073266983
0.056400000000000,-0.904804841504264,-3.612156678804704,184004514.057708889245987
0.056400000000000,-0.493179989601823,-3.334279709096083,295611942.560518860816956
0.056400000000000,-0.081950080392037,-3.083874429907630,474914547.786565124988556
0.056400000000000,0.327858339800580,-2.854294495416716,762972651.732913374900818
0.056400000000000,0.732601658394060,-2.639103332743423,1225751601.010070562362671
0.056400000000000,1.120211752322302,-2.433652309404713,1969227840.560536623001099
0.056400000000000,1.458777873477435,-2.235403403584491,3163657534.563444137573242
0.056400000000000,1.703018238332305,-2.043735944861981,5082565252.150347709655762
0.056400000000000,1.850397893404964,-1.859709324744367,8165381132.484262466430664
0.056400000000000,1.945207223266205,-1.685816910122383,13118070448.878513336181641
0.056400000000000,2.021171727694731,-1.525457510336755,21074799756.393535614013672
0.056400000000000,2.091381432267091,-1.381829153510742,33857661193.613590240478516
0.056400000000000,2.159750801641724,-1.256472047063957,54393931840.503623962402344
0.056400000000000,2.227269929180077,-1.148426743040422,87386420584.403488159179688
0.056400000000000,2.294039062955467,-1.054747310416124,140390412021.436859130859375
0.056400000000000,2.359825749048571,-0.971866572878150,225543827699.317657470703125
0.056400000000000,2.424178516961240,-0.896751676112069,362346811871.252990722656250
0.056400000000000,2.486401229712115,-0.827400948823571,582127267292.355957031250000
0.056400000000000,2.545471591797178,-0.762874885421056,935214949388.521484375000000
0.056400000000000,2.599931172937423,-0.703169023074601,1502466987378.751464843750000
0.056400000000000,2.647772694761132,-0.649092967220838,2413784178320.682128906250000
0.056400000000000,2.686374411043551,-0.602178823348514,3877858288038.714355468750000
0.056400000000000,2.712567632934032,-0.564557972356960,6229962495061.442382812500000
0.056400000000000,2.722941093918793,-0.538710160510969,10008728996000.048828125000000
0.056400000000000,2.714426602425427,-0.527023923653925,16079495854875.732421875000000
0.056400000000000,2.685036465737280,-0.531240210932234,25832469542366.023437500000000
0.056400000000000,2.634425508708358,-0.552017486644755,41501082414528.570312500000000
0.056400000000000,2.563950554560699,-0.588873508280145,66673449038729.976562500000000
0.056400000000000,2.476186461172238,-0.640537745044835,107114044937871.968750000000000
0.056400000000000,2.374183706730614,-0.705487747574357,172083772301739.718750000000000
0.056400000000000,2.260820125691555,-0.782394093569574,276460707900378.125000000000000
0.056400000000000,2.138425845053245,-0.870343211584176,444147184772085.062500000000000
0.056400000000000,2.008667485926006,-0.968858807212212,713543429875222.625000000000000
0.056400000000000,1.872593980505605,-1.077802748075990,1146341221501532.250000000000000
0.056400000000000,1.730753072143826,-1.197228485946429,1841651315244289.750000000000000
0.056400000000000,1.583324145103715,-1.327233631367511,2958699821069353.500000000000000
0.056400000000000,1.430243847481880,-1.467837399529559,4753291005053626.000000000000000
0.056400000000000,1.271317586713594,-1.618896070540494,7636386502554257.000000000000000
0.056400000000000,1.106315628861466,-1.780061278782513,12268215590922926.000000000000000
0.056400000000000,0.935052464453279,-1.950778890177649,19709467787548804.000000000000000
0.056400000000000,0.757446502983531,-2.130320174886591,31664190899599040.000000000000000
0.056400000000000,0.573556684836040,-2.317833127603466,50870018213259488.000000000000000
0.056400000000000,0.383594325598732,-2.512401060268185,81725086904086960.000000000000000
0.056400000000000,0.187911971349774,-2.713097754498430,131295212073261216.000000000000000
0.056400000000000,-0.013025258734061,-2.919032278161857,210931959406709024.000000000000000
0.056400000000000,-0.218678031353372,-3.129380568713047,338872155325265984.000000000000000
0.056400000000000,-0.428472878171052,-3.343404017579807,544414122818501120.000000000000000
0.056400000000000,-0.641837732254694,-3.560457161055671,874627001559774720.000000000000000
0.056400000000000,-0.858229303175256,-3.779987311994403,1405129587559343360.000000000000000
0.056400000000000,-1.077151227837588,-4.001528910308849,2257407048162981120.000000000000000
0.056400000000000,-1.298163775105002,-4.224694903205352,3626631042583984640.000000000000000
0.056400000000000,-1.520886850766148,-4.449166868791496,5826354059511249920.000000000000000
0.056400000000000,-1.744998302865331,-4.674685034218736,9360312981437612032.000000000000000
0.056400000000000,-1.970229336834433,-4.901038884702474,15037784902110550016.000000000000000
0.056400000000000,-2.196358461497300,-5.128058727681367,24158911695644262400.000000000000000
0.056400000000000,-2.423204967315912,-5.355608353173493,38812432689872191488.000000000000000
0.056400000000000,-2.650622574193292,-5.583578793002272,62354006268314017792.000000000000000
0.056400000000000,-2.878493608185835,-5.811883103763284,100174656115372146688.000000000000000
0.056400000000000,-3.106723873201468,-6.040452060991363,160935316403757350912.000000000000000
0.056400000000000,-3.335238260032244,-6.269230639819940,258550186946965897216.000000000000000
0.056400000000000,-3.563977062649296,-6.498175159925903,415373086927676375040.000000000000000
0.056400000000000,-3.792892934269935,-6.727250982748942,667316482657268269056.000000000000000
0.056400000000000,-4.021948400606056,-6.956430662497672,1072075447448535826432.000000000000000
0.056400000000000,-4.251113845871290,-7.185692466724650,1722339841577492414464.000000000000000
0.056400000000000,-4.480365892505806,-7.415019195850611,2767020303417202966528.000000000000000
0.056400000000000,-4.709686104338948,-7.644397243255755,4445348806720122519552.000000000000000
0.056400000000000,-4.939059952755583,-7.873815848178136,7141662816497468178432.000000000000000
0.056400000000000,-5.168475995078898,-8.103266502657062,11473418622952454225920.000000000000000
0.056400000000000,-5.397925223183359,-8.332742481251358,18432588919407149842432.000000000000000
0.056400000000000,-5.627400548041170,-8.562238468422727,29612824689596998615040.000000000000000
0.056400000000000,-5.856896392436421,-8.791750263493505,47574401508706244100096.000000000000000
0.056400000000000,-6.086408369519166,-9.021274547148234,76430523012778198827008.000000000000000
0.056400000000000,-6.315933029337102,-9.250808696716030,122789245114050181857280.000000000000000
0.056400000000000,-6.545467659110944,-9.480350640089414,197266721740968662401024.000000000000000
0.056400000000000,-6.775010125945434,-9.709898740227136,316918305591697803837440.000000000000000
0.056400000000000,-7.004558753013750,-9.939451703856038,509144226318096692936704.000000000000000
0.056400000000000,-7.234112222124968,-10.169008509312988,817964246997559037394944.000000000000000
0.056400000000000,-7.463669497073385,-10.398568349521355,1314098196113625280675840.000000000000000
0.056400000000000,-7.693229763349803,-10.628130586932100,2111160818297034130849792.000000000000000
0.056400000000000,-7.922792380729912,-10.857694717921792,3391679566941022192664576.000000000000000
0.056400000000000,-8.152356845994211,-11.087260344664447,5448893416885419732107264.000000000000000
0.056400000000000,-8.381922763617467,-11.316827152909331,8753904631195825359290368.000000000000000
0.056400000000000,-8.611489822725805,-11.546394894425305,14063561246142789404590080.000000000000000
0.056400000000000,-8.841057778982350,-11.775963373132170,22593775378723708105392128.000000000000000
0.056400000000000,-9.070626440348027,-12.005532434145003,36297967273704216024055808.000000000000000
0.056400000000000,-9.300195655888855,-12.235101955119694,58314398816392839176388608.000000000000000
0.056400000000000,-9.529765306978307,-12.464671839416518,93684835948949533605494784.000000000000000
0.056400000000000,-9.759335300382316,-12.694242010699840,150509113785365621406433280.000000000000000
0.056400000000000,-9.988905562824177,-12.923812408672303,241799999999999466266427392.000000000000000
t_days, log_F5, log_F9, nu
0.558500000000000,-4.936496879585296,-7.359201032996018,1000000.000000000000000
0.558500000000000,-4.524712336352962,-6.949506861713757,1606547.231052205432206
0.558500000000000,-4.112928816977708,-6.541496600846330,2580994.005601502954960
0.558500000000000,-3.701146789900264,-6.136481738798877,4146488.773061426356435
0.558500000000000,-3.289366953157852,-5.736700331132671,6661530.056950891390443
0.558500000000000,-2.877590354488862,-5.345782379990867,10702062.667565494775772
0.558500000000000,-2.465818583678332,-4.969116111540681,17193369.145124491304159
0.558500000000000,-2.054054101562687,-4.613568980112993,27621959.592558115720749
0.558500000000000,-1.642300874466647,-4.285844093844384,44375982.699660144746304
0.558500000000000,-1.230565829081153,-3.989636159221930,71292112.131359577178955
0.558500000000000,-0.818862854241255,-3.723594566211519,114534145.340499073266983
0.558500000000000,-0.407225418802850,-3.482119059224093,184004514.057708889245987
0.558500000000000,0.004250411186529,-3.258159702101288,295611942.560518860816956
0.558500000000000,0.415253942844737,-3.045580681399426,474914547.786565124988556
0.558500000000000,0.824718121400313,-2.840041777310794,762972651.732913374900818
0.558500000000000,1.228937596194424,-2.638881529895932,1225751601.010070562362671
0.558500000000000,1.615750254886263,-2.440707749937559,1969227840.560536623001099
0.558500000000000,1.953102539003456,-2.245061318884404,3163657534.563444137573242
0.558500000000000,2.195496361987259,-2.052257245730986,5082565252.150347709655762
0.558500000000000,2.340070794318457,-1.863401907339691,8165381132.484262466430664
0.558500000000000,2.430628780540622,-1.680542667223123,13118070448.878513336181641
0.558500000000000,2.500175632953129,-1.506839241554472,21074799756.393535614013672
0.558500000000000,2.560756637091513,-1.346516866222628,33857661193.613590240478516
0.558500000000000,2.614812350144711,-1.204269383122789,54393931840.503623962402344
0.558500000000000,2.661339396204143,-1.084044620894585,87386420584.403488159179688
0.558500000000000,2.697908695320008,-0.987872394657061,140390412021.436859130859375
0.558500000000000,2.721377729645286,-0.915702867579943,225543827699.317657470703125
0.558500000000000,2.728433536546891,-0.866268476282481,362346811871.252990722656250
0.558500000000000,2.716285704307233,-0.837964092594153,582127267292.355957031250000
0.558500000000000,2.683410557534014,-0.829066226882120,935214949388.521484375000000
0.558500000000000,2.630015678877494,-0.837525105274573,1502466987378.751464843750000
0.558500000000000,2.557953996121219,-0.860863919801888,2413784178320.682128906250000
0.558500000000000,2.470142073047096,-0.896392501129925,3877858288038.714355468750000
0.558500000000000,2.369815081731802,-0.941576118993202,6229962495061.442382812500000
0.558500000000000,2.259941151468661,-0.994330893422341,10008728996000.048828125000000
0.558500000000000,2.142917621736297,-1.053151381357901,16079495854875.732421875000000
0.558500000000000,2.020501079107038,-1.117101095508065,25832469542366.023437500000000
0.558500000000000,1.893867499602981,-1.185734613742392,41501082414528.570312500000000
0.558500000000000,1.763718461415135,-1.259003158456810,66673449038729.976562500000000
0.558500000000000,1.630387221239443,-1.337168114205875,107114044937871.968750000000000
0.558500000000000,1.493927236872599,-1.420727782965424,172083772301739.718750000000000
0.558500000000000,1.354181442590792,-1.510353381629927,276460707900378.125000000000000
0.558500000000000,1.210837203732861,-1.606827578245650,444147184772085.062500000000000
0.558500000000000,1.063473558309800,-1.710979902825799,713543429875222.625000000000000
0.558500000000000,0.911606569692046,-1.823616571810068,1146341221501532.250000000000000
0.558500000000000,0.754736477871154,-1.945446648137585,1841651315244289.750000000000000
0.558500000000000,0.592397350353712,-2.077010929834051,2958699821069353.500000000000000
0.558500000000000,0.424206610054287,-2.218623074252018,4753291005053626.000000000000000
0.558500000000000,0.249908993922484,-2.370332794088250,7636386502554257.000000000000000
0.558500000000000,0.069408230330373,-2.531917877388846,12268215590922926.000000000000000
0.558500000000000,-0.117219210774907,-2.702906079763914,19709467787548804.000000000000000
0.558500000000000,-0.309730647637883,-2.882621667202269,31664190899599040.000000000000000
0.558500000000000,-0.507741987811993,-3.070246864248459,50870018213259488.000000000000000
0.558500000000000,-0.710765061114264,-3.264887063956126,81725086904086960.000000000000000
0.558500000000000,-0.918249970564185,-3.465630280540952,131295212073261216.000000000000000
0.558500000000000,-1.129625440475394,-3.671594750829289,210931959406709024.000000000000000
0.558500000000000,-1.344332236424226,-3.881962317130966,338872155325265984.000000000000000
0.558500000000000,-1.561847349914734,-4.095998172802239,544414122818501120.000000000000000
0.558500000000000,-1.781698881526745,-4.313059301720549,874627001559774720.000000000000000
0.558500000000000,-2.003472986929459,-4.532594592288255,1405129587559343360.000000000000000
0.558500000000000,-2.226814862350874,-4.754139498564252,2257407048162981120.000000000000000
0.558500000000000,-2.451425762199464,-4.977307620513564,3626631042583984640.000000000000000
0.558500000000000,-2.677057730633120,-5.201780956383810,5826354059511249920.000000000000000
0.558500000000000,-2.903507304406821,-5.427300003739998,9360312981437612032.000000000000000
0.558500000000000,-3.130609036133166,-5.653654421841209,15037784902110550016.000000000000000
0.558500000000000,-3.358229354373127,-5.880674630143384,24158911695644262400.000000000000000
0.558500000000000,-3.586261033553645,-6.108224490760366,38812432689872191488.000000000000000
0.558500000000000,-3.814618383295401,-6.336195081917197,62354006268314017792.000000000000000
0.558500000000000,-4.043233165716325,-6.564499490073990,100174656115372146688.000000000000000
0.558500000000000,-4.272051192680276,-6.793068509986642,160935316403757350912.000000000000000
0.558500000000000,-4.501029527805851,-7.021847129159416,258550186946965897216.000000000000000
0.558500000000000,-4.730134209152812,-7.250791675231161,415373086927676375040.000000000000000
0.558500000000000,-4.959338410112819,-7.479867514765939,667316482657268269056.000000000000000
0.558500000000000,-5.188620963080732,-7.709047205270444,1072075447448535826432.000000000000000
0.558500000000000,-5.417965179837148,-7.938309016419906,1722339841577492414464.000000000000000
0.558500000000000,-5.647357912401393,-8.167635750001219,2767020303417202966528.000000000000000
0.558500000000000,-5.876788807429172,-8.397013800273852,4445348806720122519552.000000000000000
0.558500000000000,-6.106249715562438,-8.626432407041767,7141662816497468178432.000000000000000
0.558500000000000,-6.335734224328652,-8.855883062708489,11473418622952454225920.000000000000000
0.558500000000000,-6.565237289239944,-9.085359042067257,18432588919407149842432.000000000000000
0.558500000000000,-6.794754942752407,-9.314855029730644,29612824689596998615040.000000000000000
0.558500000000000,-7.024284064840963,-9.544366825118090,47574401508706244100096.000000000000000
0.558500000000000,-7.253822202261679,-9.773891108976626,76430523012778198827008.000000000000000
0.558500000000000,-7.483367426241276,-10.003425258675595,122789245114050181857280.000000000000000
0.558500000000000,-7.712918220468180,-10.232967202133402,197266721740968662401024.000000000000000
0.558500000000000,-7.942473392960493,-10.462515302325459,316918305591697803837440.000000000000000
0.558500000000000,-8.172032006738116,-10.692068265989331,509144226318096692936704.000000000000000
0.558500000000000,-8.401593325297267,-10.921625071468789,817964246997559037394944.000000000000000
0.558500000000000,-8.631156769733423,-11.151184911691640,1314098196113625280675840.000000000000000
0.558500000000000,-8.860721885028200,-11.380747149111709,2111160818297034130849792.000000000000000
0.558500000000000,-9.090288313544027,-11.610311280107402,3391679566941022192664576.000000000000000
0.558500000000000,-9.319855774187142,-11.839876906853918,5448893416885419732107264.000000000000000
0.558500000000000,-9.549424046027687,-12.069443715101288,8753904631195825359290368.000000000000000
0.558500000000000,-9.778992955424037,-12.299011456618860,14063561246142789404590080.000000000000000
0.558500000000000,-10.008562365902067,-12.528579935326755,22593775378723708105392128.000000000000000
0.558500000000000,-10.238132170200148,-12.758148996340253,36297967273704216024055808.000000000000000
0.558500000000000,-10.467702284016504,-12.987718517315370,58314398816392839176388608.000000000000000
0.558500000000000,-10.697272641094793,-13.217288401612468,93684835948949533605494784.000000000000000
0.558500000000000,-10.926843189361470,-13.446858572895968,150509113785365621406433280.000000000000000
0.558500000000000,-11.156413887889896,-13.676428970868544,241799999999999466266427392.000000000000000
t_days, log_F5, log_F9, nu
3.495000000000000,-4.538315273140286,-6.966539046710109,1000000.000000000000000
3.495000000000000,-4.126546272787403,-6.561273905761063,1606547.231052205432206
3.495000000000000,-3.714786389378362,-6.161059522339682,2580994.005601502954960
3.495000000000000,-3.303040345690267,-5.769421109425089,4146488.773061426356435
3.495000000000000,-2.891315340725937,-5.391630503004746,6661530.056950891390443
3.495000000000000,-2.479622357725067,-5.034493671456275,10702062.667565494775772
3.495000000000000,-2.067978171178398,-4.704810389988589,17193369.145124491304159
3.495000000000000,-1.656408445229871,-4.406566810498507,27621959.592558115720749
3.495000000000000,-1.244952587910466,-4.138764325571859,44375982.699660144746304
3.495000000000000,-0.833671620008225,-3.896019100185704,71292112.131359577178955
3.495000000000000,-0.422661888654383,-3.671308223376270,114534145.340499073266983
3.495000000000000,-0.012082303061962,-3.458418527666089,184004514.057708889245987
3.495000000000000,0.397780849303796,-3.252920142698618,295611942.560518860816956
3.495000000000000,0.806329834788832,-3.052088180022788,474914547.786565124988556
3.495000000000000,1.212067726563315,-2.854488362115065,762972651.732913374900818
3.495000000000000,1.610652821698354,-2.659609633220287,1225751601.010070562362671
3.495000000000000,1.988997536182886,-2.467650073879280,1969227840.560536623001099
3.495000000000000,2.313738209869021,-2.279449354591203,3163657534.563444137573242
3.495000000000000,2.537596885174815,-2.096531031774064,5082565252.150347709655762
3.495000000000000,2.655441981541438,-1.921206256542542,8165381132.484262466430664
3.495000000000000,2.708450178823764,-1.756669741729678,13118070448.878513336181641
3.495000000000000,2.727043631357707,-1.606989377816117,21074799756.393535614013672
3.495000000000000,2.721429324369334,-1.476871994588310,33857661193.613590240478516
3.495000000000000,2.693810875656974,-1.371095020240772,54393931840.503623962402344
3.495000000000000,2.645200724215174,-1.293537188698592,87386420584.403488159179688
3.495000000000000,2.577509417650219,-1.245932890779442,140390412021.436859130859375
3.495000000000000,2.493634445931018,-1.226945659380451,225543827699.317657470703125
3.495000000000000,2.396883694479828,-1.232395396814249,362346811871.252990722656250
3.495000000000000,2.290388942267706,-1.256680017892430,582127267292.355957031250000
3.495000000000000,2.176761349549400,-1.294393173781540,935214949388.521484375000000
3.495000000000000,2.057989281000295,-1.341256620675576,1502466987378.751464843750000
3.495000000000000,1.935483965271263,-1.394301880998145,2413784178320.682128906250000
3.495000000000000,1.810183503433171,-1.451660480982519,3877858288038.714355468750000
3.495000000000000,1.682661607325692,-1.512266661829433,6229962495061.442382812500000
3.495000000000000,1.553218180962257,-1.575607188188195,10008728996000.048828125000000
3.495000000000000,1.421946559814650,-1.641546767723051,16079495854875.732421875000000
3.495000000000000,1.288780081882816,-1.710217392260180,25832469542366.023437500000000
3.495000000000000,1.153523221876874,-1.781951884131185,41501082414528.570312500000000
3.495000000000000,1.015872824411128,-1.857244398049226,66673449038729.976562500000000
3.495000000000000,0.875434557755132,-1.936724769691846,107114044937871.968750000000000
3.495000000000000,0.731739145466290,-2.021136926106128,172083772301739.718750000000000
3.495000000000000,0.584262260303468,-2.111313946164308,276460707900378.125000000000000
3.495000000000000,0.432450965970000,-2.208144361039265,444147184772085.062500000000000
3.495000000000000,0.275757993249732,-2.312526597532101,713543429875222.625000000000000
3.495000000000000,0.113682822107357,-2.425311564663871,1146341221501532.250000000000000
3.495000000000000,-0.054184223811692,-2.547237253858003,1841651315244289.750000000000000
3.495000000000000,-0.228121122454502,-2.678863160333667,2958699821069353.500000000000000
3.495000000000000,-0.408243879747234,-2.820515013692948,4753291005053626.000000000000000
3.495000000000000,-0.594493060247377,-2.972250315835685,7636386502554257.000000000000000
3.495000000000000,-0.786640027761900,-3.133851877985702,12268215590922926.000000000000000
3.495000000000000,-0.984311362382433,-3.304850693952716,19709467787548804.000000000000000
3.495000000000000,-1.187026033704114,-3.484573116657646,31664190899599040.000000000000000
3.495000000000000,-1.394237941999851,-3.672202715329579,50870018213259488.000000000000000
3.495000000000000,-1.605376766766286,-3.866845749304572,81725086904086960.000000000000000
3.495000000000000,-1.819882065903679,-4.067590790805440,131295212073261216.000000000000000
3.495000000000000,-2.037228172443430,-4.273556436053216,210931959406709024.000000000000000
3.495000000000000,-2.256939712497457,-4.483924758810918,338872155325265984.000000000000000
3.495000000000000,-2.478599050977161,-4.697961101480861,544414122818501120.000000000000000
3.495000000000000,-2.701847628993939,-4.915022543913380,874627001559774720.000000000000000
3.495000000000000,-2.926383201556912,-5.134558036305560,1405129587559343360.000000000000000
3.495000000000000,-3.151954685950307,-5.356103072502489,2257407048162981120.000000000000000
3.495000000000000,-3.378355908363926,-5.579271278084185,3626631042583984640.000000000000000
3.495000000000000,-3.605419124002331,-5.803744667788976,5826354059511249920.000000000000000
3.495000000000000,-3.833008847016236,-6.029263749798087,9360312981437612032.000000000000000
3.495000000000000,-4.061016277159320,-6.255618190204792,15037784902110550016.000000000000000
3.495000000000000,-4.289354441721080,-6.482638412864432,24158911695644262400.000000000000000
3.495000000000000,-4.517954066618258,-6.710188282722827,38812432689872191488.000000000000000
3.495000000000000,-4.746760131432084,-6.938158879827978,62354006268314017792.000000000000000
3.495000000000000,-4.975729034420839,-7.166463291813423,100174656115372146688.000000000000000
3.495000000000000,-5.204826283677753,-7.395032314190378,160935316403757350912.000000000000000
3.495000000000000,-5.434024631681696,-7.623810934949281,258550186946965897216.000000000000000
3.495000000000000,-5.663302577279733,-7.852755482041920,415373086927676375040.000000000000000
3.495000000000000,-5.892643168402370,-8.081831322233780,667316482657268269056.000000000000000
3.495000000000000,-6.122033048641602,-8.311011013161204,1072075447448535826432.000000000000000
3.495000000000000,-6.351461700185848,-8.540272824582868,1722339841577492414464.000000000000000
3.495000000000000,-6.580920844008980,-8.769599558339378,2767020303417202966528.000000000000000
3.495000000000000,-6.810403965475162,-8.998977608724772,4445348806720122519552.000000000000000
3.495000000000000,-7.039905939646280,-9.228396215565262,7141662816497468178432.000000000000000
3.495000000000000,-7.269422735652810,-9.457846871278695,11473418622952454225920.000000000000000
3.495000000000000,-7.498951183639826,-9.687322850667526,18432588919407149842432.000000000000000
3.495000000000000,-7.728488791163191,-9.916818838350263,29612824689596998615040.000000000000000
3.495000000000000,-7.958033598617835,-10.146330633750162,47574401508706244100096.000000000000000
3.495000000000000,-8.187584065446153,-10.375854917616714,76430523012778198827008.000000000000000
3.495000000000000,-8.417138980601644,-10.605389067320841,122789245114050181857280.000000000000000
3.495000000000000,-8.646697392115225,-10.834931010781968,197266721740968662401024.000000000000000
3.495000000000000,-8.876258551699372,-11.064479110976162,316918305591697803837440.000000000000000
3.495000000000000,-9.105821871186242,-11.294032074641411,509144226318096692936704.000000000000000
3.495000000000000,-9.335386888275794,-11.523588880121753,817964246997559037394944.000000000000000
3.495000000000000,-9.564953239606737,-11.753148720345175,1314098196113625280675840.000000000000000
3.495000000000000,-9.794520639586377,-11.982710957765610,2111160818297034130849792.000000000000000
3.495000000000000,-10.024088863748673,-12.212275088761539,3391679566941022192664576.000000000000000
3.495000000000000,-10.253657735672595,-12.441840715508206,5448893416885419732107264.000000000000000
3.495000000000000,-10.483227116699492,-12.671407523755674,8753904631195825359290368.000000000000000
3.495000000000000,-10.712796897850758,-12.900975265273310,14063561246142789404590080.000000000000000
3.495000000000000,-10.942366993475147,-13.130543743981246,22593775378723708105392128.000000000000000
3.495000000000000,-11.171937336255697,-13.360112804994769,36297967273704216024055808.000000000000000
3.495000000000000,-11.401507873285254,-13.589682325969902,58314398816392839176388608.000000000000000
3.495000000000000,-11.631078562982031,-13.819252210267011,93684835948949533605494784.000000000000000
3.495000000000000,-11.860649372665335,-14.048822381550519,150509113785365621406433280.000000000000000
3.495000000000000,-12.090220276650198,-14.278392779523099,241799999999999466266427392.000000000000000
t_days, log_F5, log_F9, nu
13.831000000000000,-4.239779801043741,-6.678837420849620,1000000.000000000000000
13.831000000000000,-3.828099221854359,-6.281989311870653,1606547.231052205432206
13.831000000000000,-3.416474519787923,-5.895887802279803,2580994.005601502954960
13.831000000000000,-3.004935157511128,-5.526597990637877,4146488.773061426356435
13.831000000000000,-2.593526127625689,-5.181227627058592,6661530.056950891390443
13.831000000000000,-2.182316086605697,-4.865708129255429,10702062.667565494775772
13.831000000000000,-1.771409670831848,-4.581950492857469,17193369.145124491304159
13.831000000000000,-1.360966048324675,-4.326788398035867,27621959.592558115720749
13.831000000000000,-0.951226668402823,-4.093822125976189,44375982.699660144746304
13.831000000000000,-0.542556431684475,-3.876324954949085,71292112.131359577178955
13.831000000000000,-0.135504423530365,-3.669073235851585,114534145.340499073266983
13.831000000000000,0.269105652932192,-3.468781288423529,184004514.057708889245987
13.831000000000000,0.670032804699248,-3.273839150008547,295611942.560518860816956
13.831000000000000,1.065354240948278,-3.083930616839182,474914547.786565124988556
13.831000000000000,1.451828324838006,-2.899743918763669,762972651.732913374900818
13.831000000000000,1.822998654756563,-2.722765976495903,1225751601.010070562362671
13.831000000000000,2.163542369370724,-2.555060932348217,1969227840.560536623001099
13.831000000000000,2.438277333013877,-2.398925769603974,3163657534.563444137573242
13.831000000000000,2.599314854409488,-2.256399676290316,5082565252.150347709655762
13.831000000000000,2.642895996363609,-2.128776143591275,8165381132.484262466430664
13.831000000000000,2.613863140837021,-2.016403465674264,13118070448.878513336181641
13.831000000000000,2.548100282831246,-1.918974209513479,21074799756.393535614013672
13.831000000000000,2.461839827654712,-1.836208986225182,33857661193.613590240478516
13.831000000000000,2.362398688643153,-1.768576879443835,54393931840.503623962402344
13.831000000000000,2.253904362071518,-1.717607528613855,87386420584.403488159179688
13.831000000000000,2.139095423706661,-1.685418311990827,140390412021.436859130859375
13.831000000000000,2.019874877089098,-1.673450982455429,225543827699.317657470703125
13.831000000000000,1.897550355371991,-1.681176580765174,362346811871.252990722656250
13.831000000000000,1.772991003143345,-1.705872097244784,582127267292.355957031250000
13.831000000000000,1.646745639709024,-1.743632597595187,935214949388.521484375000000
13.831000000000000,1.519130486611618,-1.790662386150671,1502466987378.751464843750000
13.831000000000000,1.390291080898535,-1.844018063724201,2413784178320.682128906250000
13.831000000000000,1.260243622329834,-1.901743081220448,3877858288038.714355468750000
13.831000000000000,1.128900985948631,-1.962698285071082,6229962495061.442382812500000
13.831000000000000,0.996087978561656,-2.026334022379799,10008728996000.048828125000000
13.831000000000000,0.861549659553468,-2.092505726829069,16079495854875.732421875000000
13.831000000000000,0.724955982266995,-2.161350318244460,25832469542366.023437500000000
13.831000000000000,0.585905715274133,-2.233210932141027,41501082414528.570312500000000
13.831000000000000,0.443932499511797,-2.308592722425653,66673449038729.976562500000000
13.831000000000000,0.298515806509921,-2.388135176367716,107114044937871.968750000000000
13.831000000000000,0.149099217578406,-2.472589923031671,172083772301739.718750000000000
13.831000000000000,-0.004882460626735,-2.562795853597932,276460707900378.125000000000000
13.831000000000000,-0.163967414463472,-2.659645728579142,444147184772085.062500000000000
13.831000000000000,-0.328624960418852,-2.764040975178441,713543429875222.625000000000000
13.831000000000000,-0.499212821256276,-2.876834591955282,1146341221501532.250000000000000
13.831000000000000,-0.675940661435594,-2.998766005337802,1841651315244289.750000000000000
13.831000000000000,-0.858847112029182,-3.130395685422194,2958699821069353.500000000000000
13.831000000000000,-1.047795305659805,-3.272050018435315,4753291005053626.000000000000000
13.831000000000000,-1.242487909661306,-3.423786945493619,7636386502554257.000000000000000
13.831000000000000,-1.442498230785749,-3.585389569955478,12268215590922926.000000000000000
13.831000000000000,-1.647310814856384,-3.756389079029872,19709467787548804.000000000000000
13.831000000000000,-1.856364046528629,-3.936111953172803,31664190899599040.000000000000000
13.831000000000000,-2.069088453383047,-4.123741845438822,50870018213259488.000000000000000
13.831000000000000,-2.284936826179207,-4.318385070106871,81725086904086960.000000000000000
13.831000000000000,-2.503404811752736,-4.519130235326260,131295212073261216.000000000000000
13.831000000000000,-2.724042581136616,-4.725095960762157,210931959406709024.000000000000000
13.831000000000000,-2.946459269799842,-4.935464335449470,338872155325265984.000000000000000
13.831000000000000,-3.170322234297891,-5.149500711723847,544414122818501120.000000000000000
13.831000000000000,-3.395353027622081,-5.366562175888132,874627001559774720.000000000000000
13.831000000000000,-3.621321618827503,-5.586097682326079,1405129587559343360.000000000000000
13.831000000000000,-3.848039952420284,-5.807642727596582,2257407048162981120.000000000000000
13.831000000000000,-4.075355559282860,-6.030810939037233,3626631042583984640.000000000000000
13.831000000000000,-4.303145632222235,-6.255284332523785,5826354059511249920.000000000000000
13.831000000000000,-4.531311768143242,-6.480803416973067,9360312981437612032.000000000000000
13.831000000000000,-4.759775441503696,-6.707157858953817,15037784902110550016.000000000000000
13.831000000000000,-4.988474191681747,-6.934178082628532,24158911695644262400.000000000000000
13.831000000000000,-5.217358463115791,-7.161727953141382,38812432689872191488.000000000000000
13.831000000000000,-5.446389018024808,-7.389698550668396,62354006268314017792.000000000000000
13.831000000000000,-5.675534837386230,-7.618002962925726,100174656115372146688.000000000000000
13.831000000000000,-5.904771430010068,-7.846571985477879,160935316403757350912.000000000000000
13.831000000000000,-6.134079477760023,-8.075350606349661,258550186946965897216.000000000000000
13.831000000000000,-6.363443754662544,-8.304295153515019,415373086927676375040.000000000000000
13.831000000000000,-6.592852267353239,-8.533370993753719,667316482657268269056.000000000000000
13.831000000000000,-6.822295573278515,-8.762550684711313,1072075447448535826432.000000000000000
13.831000000000000,-7.051766240968816,-8.991812496152406,1722339841577492414464.000000000000000
13.831000000000000,-7.281258423443655,-9.221139229921429,2767020303417202966528.000000000000000
13.831000000000000,-7.510767521445600,-9.450517280314878,4445348806720122519552.000000000000000
13.831000000000000,-7.740289917841486,-9.679935887160557,7141662816497468178432.000000000000000
13.831000000000000,-7.969822768308092,-9.909386542877330,11473418622952454225920.000000000000000
13.831000000000000,-8.199363836471621,-10.138862522268312,18432588919407149842432.000000000000000
13.831000000000000,-8.428911364119672,-10.368358509952435,29612824689596998615040.000000000000000
13.831000000000000,-8.658463969061431,-10.597870305353224,47574401508706244100096.000000000000000
13.831000000000000,-8.888020564769000,-10.827394589220351,76430523012778198827008.000000000000000
13.831000000000000,-9.117580297169246,-11.056928738924846,122789245114050181857280.000000000000000
13.831000000000000,-9.347142494934522,-11.286470682386211,197266721740968662401024.000000000000000
13.831000000000000,-9.576706630394748,-11.516018782580559,316918305591697803837440.000000000000000
13.831000000000000,-9.806272288804783,-11.745571746245904,509144226318096692936704.000000000000000
13.831000000000000,-10.035839144183079,-11.975128551726312,817964246997559037394944.000000000000000
13.831000000000000,-10.265406940317826,-12.204688391949773,1314098196113625280675840.000000000000000
13.831000000000000,-10.494975475836222,-12.434250629370235,2111160818297034130849792.000000000000000
13.831000000000000,-10.724544592468106,-12.663814760366181,3391679566941022192664576.000000000000000
13.831000000000000,-10.954114165820865,-12.893380387112860,5448893416885419732107264.000000000000000
13.831000000000000,-11.183684098128483,-13.122947195360334,8753904631195825359290368.000000000000000
13.831000000000000,-11.413254312552331,-13.352514936877975,14063561246142789404590080.000000000000000
13.831000000000000,-11.642824748701711,-13.582083415585913,22593775378723708105392128.000000000000000
13.831000000000000,-11.872395359113181,-13.811652476599438,36297967273704216024055808.000000000000000
13.831000000000000,-12.101966106483385,-14.041221997574572,58314398816392839176388608.000000000000000
13.831000000000000,-12.331536961494232,-14.270791881871682,93684835948949533605494784.000000000000000
13.831000000000000,-12.561107901103574,-14.500362053155190,150509113785365621406433280.000000000000000
13.831000000000000,-12.790678907201755,-14.729932451127771,241799999999999466266427392.000000000000000
